time_s,residue_diff_V,eval_V,done_V,phase,eoc_V
4.504999999999993e-09,0.0,0.0,0.0,0.0,0.0
4.529999999999993e-09,0.0,0.0,0.0,0.0,0.0
4.554999999999993e-09,0.0,0.0,0.0,0.0,0.0
4.579999999999994e-09,0.0,0.0,0.0,0.0,0.0
4.604999999999994e-09,0.0,0.0,0.0,0.0,0.0
4.629999999999994e-09,0.0,0.0,0.0,0.0,0.0
4.654999999999994e-09,0.0,0.0,0.0,0.0,0.0
4.679999999999995e-09,0.0,0.0,0.0,0.0,0.0
4.704999999999995e-09,0.0,0.0,0.0,0.0,0.0
4.729999999999995e-09,0.0,0.0,0.0,0.0,0.0
4.754999999999995e-09,0.0,0.0,0.0,0.0,0.0
4.779999999999995e-09,0.0,0.0,0.0,0.0,0.0
4.804999999999996e-09,0.0,0.0,0.0,0.0,0.0
4.829999999999996e-09,0.0,0.0,0.0,0.0,0.0
4.854999999999996e-09,0.0,0.0,0.0,0.0,0.0
4.879999999999996e-09,0.0,0.0,0.0,0.0,0.0
4.904999999999997e-09,0.0,0.0,0.0,0.0,0.0
4.929999999999997e-09,0.0,0.0,0.0,0.0,0.0
4.954999999999997e-09,0.0,0.0,0.0,0.0,0.0
4.979999999999997e-09,0.0,0.0,0.0,0.0,0.0
4.994999999999999e-09,0.0,0.0,0.0,0.0,0.0
5.01e-09,0.0,0.0,0.0,0.0,0.0
5.015000025002778e-09,0.0,0.0,0.0,0.0,0.0
5.016042222893451e-09,0.0015485689027843197,0.0,0.0,0.0,0.0
5.016762680857216e-09,0.004366654248245561,0.0,0.0,0.0,0.0
5.017579972795931e-09,0.009138532660016963,0.0,0.0,0.0,0.0
5.018821774066991e-09,0.0192973969264294,0.0,0.0,0.0,0.0
5.02e-09,0.03187381082138374,0.0,0.0,0.0,0.0
5.020315674471149e-09,0.035778421884910316,0.0,0.0,0.0,0.0
5.020947023413449e-09,0.04392827614890393,0.0,0.0,0.0,0.0
5.021647172373626e-09,0.05373596733277597,0.0,0.0,0.0,0.0
5.02248454535988e-09,0.06645399131250096,0.0,0.0,0.0,0.0
5.023988275383756e-09,0.09171752808353184,0.0,0.0,0.0,0.0
5.025000025002778e-09,0.11031428045103298,0.0,0.0,0.0,0.0
5.025402941507198e-09,0.11766101893794745,0.0,0.0,0.0,0.0
5.0261167771721e-09,0.13022847094341183,0.0,0.0,0.0,0.0
5.026867582379752e-09,0.14251381089540327,0.0,0.0,0.0,0.0
5.027709279346621e-09,0.15523404647926975,0.0,0.0,0.0,0.0
5.029201545186939e-09,0.17533702574494248,0.0,0.0,0.0,0.0
5.03071036323918e-09,0.19282694504643638,0.0,0.0,0.0,0.0
5.032368953970148e-09,0.2092413311681781,0.0,0.0,0.0,0.0
5.034039961508813e-09,0.223237765763718,0.0,0.0,0.0,0.0
5.035818014438157e-09,0.23577215677559304,0.0,0.0,0.0,0.0
5.037681066861155e-09,0.24671846350605187,0.0,0.0,0.0,0.0
5.039663902234441e-09,0.2563303732992389,0.0,0.0,0.0,0.0
5.041766973560592e-09,0.2646405613616033,0.0,0.0,0.0,0.0
5.044012137673341e-09,0.271778089525074,0.0,0.0,0.0,0.0
5.046414071679897e-09,0.27782999258664387,0.0,0.0,0.0,0.0
5.048997440815223e-09,0.2829021598561452,0.0,0.0,0.0,0.0
5.051788487704118e-09,0.2870898458165979,0.0,0.0,0.0,0.0
5.054821812972334e-09,0.2904901969552257,0.0,0.0,0.0,0.0
5.058139453838686e-09,0.2931963121572846,0.0,0.0,0.0,0.0
5.061795693431746e-09,0.29529942856946834,0.0,0.0,0.0,0.0
5.065860489392287e-09,0.2968873800147577,0.0,0.0,0.0,0.0
5.070426826834236e-09,0.29804451409831834,0.0,0.0,0.0,0.0
5.075620886406533e-09,0.29885080815640597,0.0,0.0,0.0,0.0
5.081619394498775e-09,0.299381102937082,0.0,0.0,0.0,0.0
5.088678611190403e-09,0.2997040190456103,0.0,0.0,0.0,0.0
5.097186764853748e-09,0.29988068790120215,0.0,0.0,0.0,0.0
5.107764561433672e-09,0.2999632353213417,0.0,0.0,0.0,0.0
5.115000025002778e-09,0.29998276937424173,0.0,0.0,0.0,0.0
5.120000050005556e-09,0.29998851293530826,0.9000045005000785,0.0,0.0,0.0
5.125000025002778e-09,0.29999310774280386,1.8,0.0,0.0,0.0
5.134999974997221e-09,0.2999965538627858,1.8,0.0,0.0,0.0
5.154999874986108e-09,0.2999999999913838,1.8,0.0,0.0,0.0
5.179999874986109e-09,0.3000000000009576,1.8,0.0,0.0,0.0
5.204999874986109e-09,0.2999999999998938,1.8,0.0,0.0,0.0
5.229999874986109e-09,0.3000000000000119,1.8,0.0,0.0,0.0
5.254999874986109e-09,0.29999999999999827,1.8,0.0,0.0,0.0
5.279999874986109e-09,0.30000000000000016,1.8,0.0,0.0,0.0
5.30499987498611e-09,0.30000000000000004,1.8,0.0,0.0,0.0
5.32999987498611e-09,0.30000000000000004,1.8,0.0,0.0,0.0
5.35499987498611e-09,0.30000000000000004,1.8,0.0,0.0,0.0
5.37999987498611e-09,0.30000000000000004,1.8,0.0,0.0,0.0
5.399999962495833e-09,0.30000000000000004,1.8,0.0,0.0,0.0
5.420000050005556e-09,0.30000000000000004,1.8,0.0,0.0,0.0
5.425000075008334e-09,0.30000000000000004,1.8,0.0,0.0,0.0
5.430000050005556e-09,0.30000000000000004,1.8,0.0,0.0,0.0
5.439999999999999e-09,0.30000000000000004,1.8,0.0,0.0,0.0
5.459999899988887e-09,0.30000000000000004,1.8,0.0,0.0,0.0
5.475000075008334e-09,0.30000000000000004,1.8,0.0,0.0,0.0
5.480000100011112e-09,0.29999999999999993,1.8,0.9000045005000785,0.0,0.0
5.485000075008333e-09,0.30000000000000004,1.8,1.8,0.4999974997222026,0.0
5.48509310919295e-09,0.2917041035803978,1.8,1.8,0.509300918183879,0.0
5.485189140616675e-09,0.28318186226793796,1.8,1.8,0.5189040605563373,0.0
5.485381203464124e-09,0.26638056518757935,1.8,1.8,0.5381103453012537,0.0
5.485634440910121e-09,0.24471489300311788,1.8,1.8,0.5634340899009505,0.0
5.486140915802115e-09,0.20298886388765514,1.8,1.8,0.614081579100344,0.0
5.486979735767788e-09,0.13834383193753896,1.8,1.8,0.6979635756676155,0.0
5.4878534924923e-09,0.07653101149778374,1.8,1.8,0.7853392481188598,0.0
5.488771836216151e-09,0.01712974946656254,1.8,1.8,0.8771736205039994,0.0
5.489385968113631e-09,-0.01964105086748802,1.8,1.8,0.9385868102519583,0.0
5.490000100011111e-09,-0.05422091524625938,1.8,1.8,1.0,0.0
5.490177730232074e-09,-0.06374639979590413,1.8,1.8,1.0,0.0
5.490532990674e-09,-0.08246487225528876,1.8,1.8,1.0,0.0
5.490933374693544e-09,-0.10277946971612106,1.8,1.8,1.0,0.0
5.491402176354664e-09,-0.12555538150608536,1.8,1.8,1.0,0.0
5.492339779676904e-09,-0.16804743216463658,1.8,1.8,1.0,0.0
5.493353161312958e-09,-0.20970972217317918,1.8,1.8,1.0,0.0
5.494458076812983e-09,-0.25057582064009964,1.8,1.8,1.0,0.0
5.495559396244379e-09,-0.2870500932352158,1.8,1.8,1.0,0.0
5.496705308460173e-09,-0.32096805500803205,1.8,1.8,1.0,0.0
5.497884414419037e-09,-0.3520371879253934,1.8,1.8,1.0,0.0
5.499112843957287e-09,-0.38073500960750994,1.8,1.8,1.0,0.0
5.500388136586421e-09,-0.4070215600159123,1.8,1.8,1.0,0.0
5.501716987956461e-09,-0.4310678304795258,1.8,1.8,1.0,0.0
5.503101863401778e-09,-0.4529477814842684,1.8,1.8,1.0,0.0
5.504548505478466e-09,-0.47278603178139,1.8,1.8,1.0,0.0
5.506061906537626e-09,-0.4906842482198406,1.8,1.8,1.0,0.0
5.507648564967672e-09,-0.5067540590857418,1.8,1.8,1.0,0.0
5.509315439826385e-09,-0.5211012425721075,1.8,1.8,1.0,0.0
5.511070769521048e-09,-0.5338331417185623,1.8,1.8,1.0,0.0
5.512923937878868e-09,-0.5450551600635295,1.8,1.8,1.0,0.0
5.514885938393184e-09,-0.554872280698242,1.8,1.8,1.0,0.0
5.516969614285944e-09,-0.5633882126708877,1.8,1.8,1.0,0.0
5.519190164259575e-09,-0.5707056106187077,1.8,1.8,1.0,0.0
5.521565694705763e-09,-0.576925772777106,1.8,1.8,1.0,0.0
5.524118013850262e-09,-0.5821485431279666,1.8,1.8,1.0,0.0
5.526873666616834e-09,-0.5864720768908842,1.8,1.8,1.0,0.0
5.529865372909618e-09,-0.5899926135729782,1.8,1.8,1.0,0.0
5.53313402563538e-09,-0.592804179099178,1.8,1.8,1.0,0.0
5.536731550240822e-09,-0.5949982348893433,1.8,1.8,1.0,0.0
5.540725085237673e-09,-0.5966632437359395,1.8,1.8,1.0,0.0
5.545203276327355e-09,-0.5978841372337812,1.8,1.8,1.0,0.0
5.550286059337298e-09,-0.5987416554218737,1.8,1.8,1.0,0.0
5.556140453320474e-09,-0.5993115272147875,1.8,1.8,1.0,0.0
5.563007213238732e-09,-0.5996634548265053,1.8,1.8,1.0,0.0
5.571248267973772e-09,-0.5998598700965156,1.8,1.8,1.0,0.0
5.580000100011112e-09,-0.5999451789823713,1.8,1.8,1.0,0.0
5.58500012501389e-09,-0.5999634527158324,0.8999954994999215,1.8,1.0,0.0
5.590000100011111e-09,-0.5999780715710177,0.0,1.8,1.0,0.0
5.600000050005555e-09,-0.5999890357580956,0.0,1.8,1.0,0.0
5.619999949994442e-09,-0.599999999972586,0.0,1.8,1.0,0.0
5.644999949994442e-09,-0.6000000000030459,0.0,1.8,1.0,0.0
5.669999949994443e-09,-0.5999999999996617,0.0,1.8,1.0,0.0
5.694999949994443e-09,-0.6000000000000378,0.0,1.8,1.0,0.0
5.719999949994443e-09,-0.5999999999999958,0.0,1.8,1.0,0.0
5.744999949994443e-09,-0.6000000000000001,0.0,1.8,1.0,0.0
5.769999949994444e-09,-0.6,0.0,1.8,1.0,0.0
5.794999949994444e-09,-0.5999999999999999,0.0,1.8,1.0,0.0
5.819999949994444e-09,-0.6,0.0,1.8,1.0,0.0
5.844999949994444e-09,-0.6,0.0,1.8,1.0,0.0
5.865000037504167e-09,-0.5999999999999999,0.0,1.8,1.0,0.0
5.88500012501389e-09,-0.6,0.0,1.8,1.0,0.0
5.890000150016668e-09,-0.6,0.0,1.8,1.0,0.0
5.89500012501389e-09,-0.6,0.0,1.8,1.0,0.0
5.905000075008333e-09,-0.6,0.0,1.8,1.0,0.0
5.92499997499722e-09,-0.6,0.0,1.8,1.0,0.0
5.940000150016667e-09,-0.5999999999999999,0.0,1.8,1.0,0.0
5.945000175019445e-09,-0.5999999999999999,0.0,0.8999954994999215,1.0,0.0
5.950000150016667e-09,-0.5999999999999999,0.0,0.0,1.0,0.0
5.960000100011111e-09,-0.5999999999999999,0.0,0.0,1.0,0.0
5.979999999999998e-09,-0.6,0.0,0.0,1.0,0.0
6.004999999999998e-09,-0.6,0.0,0.0,1.0,0.0
6.025000087509722e-09,-0.5999999999999999,0.0,0.0,1.0,0.0
6.045000175019446e-09,-0.6,0.0,0.0,1.0,0.0
6.050000200022224e-09,-0.6,0.9000045005000785,0.0,1.0,0.0
6.055000175019445e-09,-0.6,1.8,0.0,1.0,0.0
6.065000125013889e-09,-0.6,1.8,0.0,1.0,0.0
6.085000025002776e-09,-0.6,1.8,0.0,1.0,0.0
6.110000025002776e-09,-0.6,1.8,0.0,1.0,0.0
6.135000025002776e-09,-0.5999999999999999,1.8,0.0,1.0,0.0
6.160000025002777e-09,-0.5999999999999999,1.8,0.0,1.0,0.0
6.185000025002777e-09,-0.6,1.8,0.0,1.0,0.0
6.210000025002777e-09,-0.6,1.8,0.0,1.0,0.0
6.235000025002777e-09,-0.6,1.8,0.0,1.0,0.0
6.260000025002778e-09,-0.6,1.8,0.0,1.0,0.0
6.285000025002778e-09,-0.6,1.8,0.0,1.0,0.0
6.310000025002778e-09,-0.6,1.8,0.0,1.0,0.0
6.330000112512501e-09,-0.5999999999999999,1.8,0.0,1.0,0.0
6.350000200022224e-09,-0.6,1.8,0.0,1.0,0.0
6.355000225025002e-09,-0.6,1.8,0.0,1.0,0.0
6.360000200022223e-09,-0.6,1.8,0.0,1.0,0.0
6.370000150016667e-09,-0.6,1.8,0.0,1.0,0.0
6.390000050005554e-09,-0.6,1.8,0.0,1.0,0.0
6.405000225025001e-09,-0.5999999999999999,1.8,0.0,1.0,0.0
6.410000250027779e-09,-0.5999999999999999,1.8,0.9000045005000785,1.0,0.0
6.415000225025001e-09,-0.5999999999999999,1.8,1.8,1.499997499722203,0.0
6.415131795230651e-09,-0.5941562273822696,1.8,1.8,1.513154520287179,0.0
6.415284429377206e-09,-0.5874282327974917,1.8,1.8,1.528417934942663,0.0
6.415589697670315e-09,-0.5742756885359221,1.8,1.8,1.558944764253633,0.0
6.415968793305357e-09,-0.5584907818395058,1.8,1.8,1.596854327757794,0.0
6.41672698457544e-09,-0.5286505957972338,1.8,1.8,1.672673454766115,0.0
6.417794099481127e-09,-0.490290934625668,1.8,1.8,1.779384945334761,0.0
6.418928706442303e-09,-0.4537540391006566,1.8,1.8,1.892845641452348,0.0
6.420000250027779e-09,-0.42286065050379684,1.8,1.8,2.0,0.0
6.420270753688268e-09,-0.41567406966954434,1.8,1.8,2.0,0.0
6.420811761009245e-09,-0.4016794671226406,1.8,1.8,2.0,0.0
6.421424799068398e-09,-0.38670941839805495,1.8,1.8,2.0,0.0
6.42214000846281e-09,-0.3703642493427386,1.8,1.8,2.0,0.0
6.423493035356622e-09,-0.34243764602995264,1.8,1.8,2.0,0.0
6.424848638644439e-09,-0.3180066709699443,1.8,1.8,2.0,0.0
6.426341466427287e-09,-0.29466818534471817,1.8,1.8,2.0,0.0
6.427831882379233e-09,-0.27460195938995036,1.8,1.8,2.0,0.0
6.429411320867301e-09,-0.25636226974668763,1.8,1.8,2.0,0.0
6.431055219140796e-09,-0.24020540656130562,1.8,1.8,2.0,0.0
6.432794465258592e-09,-0.22577165827804802,1.8,1.8,2.0,0.0
6.434626004210979e-09,-0.21305805673801603,1.8,1.8,2.0,0.0
6.436566453162161e-09,-0.2019041427654159,1.8,1.8,2.0,0.0
6.438624538678327e-09,-0.19221851847347726,1.8,1.8,2.0,0.0
6.440816954345052e-09,-0.1838768811576288,1.8,1.8,2.0,0.0
6.443160094684867e-09,-0.1767714979733246,1.8,1.8,2.0,0.0
6.445675603858065e-09,-0.17078949257303588,1.8,1.8,2.0,0.0
6.448388634795323e-09,-0.1658229571356178,1.8,1.8,2.0,0.0
6.451330751330638e-09,-0.16176465817661567,1.8,1.8,2.0,0.0
6.454540917009683e-09,-0.1585103512124596,1.8,1.8,2.0,0.0
6.458068664059161e-09,-0.15595826950938474,1.8,1.8,2.0,0.0
6.461977665267394e-09,-0.1540099754331652,1.8,1.8,2.0,0.0
6.466351700155463e-09,-0.15257075763229555,1.8,1.8,2.0,0.0
6.471303490824693e-09,-0.15155040171273804,1.8,1.8,2.0,0.0
6.476989085193543e-09,-0.15086402824434053,1.8,1.8,2.0,0.0
6.483631756594847e-09,-0.15043318138051454,1.8,1.8,2.0,0.0
6.491564157583114e-09,-0.15018714679062461,1.8,1.8,2.0,0.0
6.501307197333354e-09,-0.15006453803002073,1.8,1.8,2.0,0.0
6.510000250027779e-09,-0.15002543222265052,1.8,1.8,2.0,0.0
6.515000275030557e-09,-0.1500169547868393,0.8999954994999215,1.8,2.0,0.0
6.520000250027779e-09,-0.15001017289923413,0.0,1.8,2.0,0.0
6.530000200022223e-09,-0.15000508646233457,0.0,1.8,2.0,0.0
6.55000010001111e-09,-0.15000000001271752,0.0,1.8,2.0,0.0
6.57500010001111e-09,-0.14999999999858693,0.0,1.8,2.0,0.0
6.60000010001111e-09,-0.1500000000001569,0.0,1.8,2.0,0.0
6.62500010001111e-09,-0.14999999999998248,0.0,1.8,2.0,0.0
6.650000100011111e-09,-0.1500000000000019,0.0,1.8,2.0,0.0
6.675000100011111e-09,-0.14999999999999958,0.0,1.8,2.0,0.0
6.700000100011111e-09,-0.1499999999999999,0.0,1.8,2.0,0.0
6.725000100011111e-09,-0.1499999999999999,0.0,1.8,2.0,0.0
6.750000100011112e-09,-0.1499999999999999,0.0,1.8,2.0,0.0
6.775000100011112e-09,-0.1499999999999999,0.0,1.8,2.0,0.0
6.795000187520835e-09,-0.1499999999999999,0.0,1.8,2.0,0.0
6.815000275030558e-09,-0.15000000000000002,0.0,1.8,2.0,0.0
6.820000300033335e-09,-0.1499999999999999,0.0,1.8,2.0,0.0
6.825000275030557e-09,-0.15000000000000002,0.0,1.8,2.0,0.0
6.835000225025001e-09,-0.15000000000000002,0.0,1.8,2.0,0.0
6.855000125013888e-09,-0.15000000000000002,0.0,1.8,2.0,0.0
6.870000300033335e-09,-0.1499999999999999,0.0,1.8,2.0,0.0
6.875000325036113e-09,-0.15000000000000002,0.0,0.8999954994999215,2.0,0.0
6.880000300033335e-09,-0.15000000000000002,0.0,0.0,2.0,0.0
6.890000250027778e-09,-0.15000000000000002,0.0,0.0,2.0,0.0
6.910000150016666e-09,-0.15000000000000002,0.0,0.0,2.0,0.0
6.935000150016666e-09,-0.1499999999999998,0.0,0.0,2.0,0.0
6.955000237526389e-09,-0.1499999999999999,0.0,0.0,2.0,0.0
6.975000325036113e-09,-0.1499999999999999,0.0,0.0,2.0,0.0
6.980000350038891e-09,-0.1499999999999999,0.9000045005000785,0.0,2.0,0.0
6.985000325036113e-09,-0.1499999999999999,1.8,0.0,2.0,0.0
6.995000275030556e-09,-0.1499999999999999,1.8,0.0,2.0,0.0
7.015000175019444e-09,-0.1499999999999998,1.8,0.0,2.0,0.0
7.040000175019444e-09,-0.15000000000000002,1.8,0.0,2.0,0.0
7.065000175019444e-09,-0.1499999999999999,1.8,0.0,2.0,0.0
7.090000175019444e-09,-0.1499999999999998,1.8,0.0,2.0,0.0
7.115000175019445e-09,-0.1499999999999999,1.8,0.0,2.0,0.0
7.140000175019445e-09,-0.1499999999999999,1.8,0.0,2.0,0.0
7.165000175019445e-09,-0.1499999999999999,1.8,0.0,2.0,0.0
7.190000175019445e-09,-0.1499999999999999,1.8,0.0,2.0,0.0
7.215000175019445e-09,-0.1499999999999999,1.8,0.0,2.0,0.0
7.240000175019446e-09,-0.1499999999999999,1.8,0.0,2.0,0.0
7.260000262529168e-09,-0.1499999999999999,1.8,0.0,2.0,0.0
7.280000350038891e-09,-0.15000000000000002,1.8,0.0,2.0,0.0
7.285000375041669e-09,-0.1499999999999999,1.8,0.0,2.0,0.0
7.290000350038891e-09,-0.15000000000000002,1.8,0.0,2.0,0.0
7.300000300033335e-09,-0.15000000000000002,1.8,0.0,2.0,0.0
7.320000200022222e-09,-0.15000000000000002,1.8,0.0,2.0,0.0
7.335000375041669e-09,-0.1499999999999999,1.8,0.0,2.0,0.0
7.340000400044447e-09,-0.15000000000000002,1.8,0.9000045005000785,2.0,0.0
7.345000375041669e-09,-0.15000000000000002,1.8,1.8,2.499997499722203,0.0
7.345218036841515e-09,-0.14520693619295988,1.8,1.8,2.521763679706834,0.0
7.34551752259961e-09,-0.13870934881469388,1.8,1.8,2.551712255516342,0.0
7.346040764537037e-09,-0.12781226987746974,1.8,1.8,2.604036449258985,0.0
7.346716727345565e-09,-0.11455111702863485,1.8,1.8,2.671632730111809,0.0
7.348068652962621e-09,-0.09054775401129889,1.8,1.8,2.806825291817455,0.0
7.349034526503534e-09,-0.07529456696473802,1.8,1.8,2.903412645908728,0.0
7.350000400044447e-09,-0.061446773283172496,1.8,1.8,3.0,0.0
7.35046077922932e-09,-0.05544151734048197,1.8,1.8,3.0,0.0
7.351381537599068e-09,-0.043959608632288316,1.8,1.8,3.0,0.0
7.352274401603503e-09,-0.033792045917392044,1.8,1.8,3.0,0.0
7.353506034275902e-09,-0.021170139696946477,1.8,1.8,3.0,0.0
7.355462774172571e-09,-0.004029166119008609,1.8,1.8,3.0,0.0
7.357521682178156e-09,0.010723493691344621,1.8,1.8,3.0,0.0
7.359760332853127e-09,0.023664264814175273,1.8,1.8,3.0,0.0
7.362076625204383e-09,0.03432092487987204,1.8,1.8,3.0,0.0
7.36457454870582e-09,0.04335404455892056,1.8,1.8,3.0,0.0
7.367254695664047e-09,0.05083334452746391,1.8,1.8,3.0,0.0
7.370169478269951e-09,0.056981388628573826,1.8,1.8,3.0,0.0
7.373343851669282e-09,0.06191768611931625,1.8,1.8,3.0,0.0
7.376831716671284e-09,0.06580304093770928,1.8,1.8,3.0,0.0
7.380690571813193e-09,0.06877801459477362,1.8,1.8,3.0,0.0
7.385003907680816e-09,0.07098565183240413,1.8,1.8,3.0,0.0
7.389878991110663e-09,0.07255913658381608,1.8,1.8,3.0,0.0
7.395466599837558e-09,0.07362516740138858,1.8,1.8,3.0,0.0
7.401979607355149e-09,0.07430063170276935,1.8,1.8,3.0,0.0
7.409734746693851e-09,0.07469145651743947,1.8,1.8,3.0,0.0
7.419223908933776e-09,0.07489002568263081,1.8,1.8,3.0,0.0
7.431261208898929e-09,0.07497266646996792,1.8,1.8,3.0,0.0
7.440000400044447e-09,0.07498928996799326,1.8,1.8,3.0,0.0
7.445000425047225e-09,0.07499285999056349,0.8999954994999215,1.8,3.0,0.0
7.450000400044447e-09,0.07499571598291288,0.0,1.8,3.0,0.0
7.46000035003889e-09,0.07499785798610092,0.0,1.8,3.0,0.0
7.480000250027777e-09,0.07499999999464424,0.0,1.8,3.0,0.0
7.505000250027778e-09,0.07500000000059515,0.0,1.8,3.0,0.0
7.530000250027778e-09,0.0749999999999339,0.0,1.8,3.0,0.0
7.555000250027778e-09,0.07500000000000728,0.0,1.8,3.0,0.0
7.580000250027778e-09,0.07499999999999907,0.0,1.8,3.0,0.0
7.605000250027779e-09,0.07500000000000007,0.0,1.8,3.0,0.0
7.630000250027779e-09,0.07499999999999996,0.0,1.8,3.0,0.0
7.655000250027779e-09,0.07499999999999996,0.0,1.8,3.0,0.0
7.68000025002778e-09,0.07499999999999996,0.0,1.8,3.0,0.0
7.70500025002778e-09,0.07499999999999996,0.0,1.8,3.0,0.0
7.725000337537502e-09,0.07499999999999996,0.0,1.8,3.0,0.0
7.745000425047225e-09,0.07499999999999996,0.0,1.8,3.0,0.0
7.750000450050002e-09,0.07500000000000007,0.0,1.8,3.0,0.0
7.755000425047225e-09,0.07499999999999996,0.0,1.8,3.0,0.0
7.76500037504167e-09,0.07499999999999996,0.0,1.8,3.0,0.0
7.78500027503056e-09,0.07499999999999996,0.0,1.8,3.0,0.0
7.800000450050003e-09,0.07499999999999996,0.0,1.8,3.0,0.0
7.80500047505278e-09,0.07499999999999996,0.0,0.8999954995000704,3.0,0.0
7.810000450050003e-09,0.07499999999999996,0.0,0.0,3.0,0.0
7.820000400044448e-09,0.07499999999999996,0.0,0.0,3.0,0.0
7.840000300033338e-09,0.07499999999999984,0.0,0.0,3.0,0.0
7.865000300033338e-09,0.07499999999999996,0.0,0.0,3.0,0.0
7.885000387543058e-09,0.07499999999999996,0.0,0.0,3.0,0.0
7.905000475052779e-09,0.07499999999999984,0.0,0.0,3.0,0.0
7.910000500055556e-09,0.07499999999999984,0.9000045004999296,0.0,3.0,0.0
7.915000475052779e-09,0.07499999999999984,1.8,0.0,3.0,0.0
7.925000425047224e-09,0.07499999999999984,1.8,0.0,3.0,0.0
7.945000325036115e-09,0.07499999999999996,1.8,0.0,3.0,0.0
7.970000325036115e-09,0.07499999999999996,1.8,0.0,3.0,0.0
7.995000325036115e-09,0.07499999999999996,1.8,0.0,3.0,0.0
8.020000325036115e-09,0.07499999999999996,1.8,0.0,3.0,0.0
8.045000325036115e-09,0.07499999999999996,1.8,0.0,3.0,0.0
8.070000325036116e-09,0.07499999999999996,1.8,0.0,3.0,0.0
8.095000325036116e-09,0.07499999999999996,1.8,0.0,3.0,0.0
8.120000325036116e-09,0.07499999999999996,1.8,0.0,3.0,0.0
8.145000325036116e-09,0.07499999999999996,1.8,0.0,3.0,0.0
8.170000325036117e-09,0.07499999999999996,1.8,0.0,3.0,0.0
8.190000412545836e-09,0.07499999999999984,1.8,0.0,3.0,0.0
8.210000500055556e-09,0.07500000000000007,1.8,0.0,3.0,0.0
8.215000525058333e-09,0.07500000000000007,1.8,0.0,3.0,0.0
8.220000500055555e-09,0.07500000000000007,1.8,0.0,3.0,0.0
8.23000045005e-09,0.07499999999999996,1.8,0.0,3.0,0.0
8.250000350038891e-09,0.07499999999999984,1.8,0.0,3.0,0.0
8.265000525058333e-09,0.07499999999999996,1.8,0.0,3.0,0.0
8.27000055006111e-09,0.07500000000000007,1.8,0.9000045004999296,3.0,0.0
8.275000525058333e-09,0.07499999999999996,1.8,1.8,3.499997499722285,0.0
8.275362736235968e-09,0.07106756156717897,1.8,1.8,3.536218617485788,0.0
8.27595609312533e-09,0.06481124202071387,1.8,1.8,3.595554306421993,0.0
8.276717907226602e-09,0.05730302077281835,1.8,1.8,3.671735716549173,0.0
8.277908703571215e-09,0.04664829229931433,1.8,1.8,3.790815351010524,0.0
8.28000055006111e-09,0.030712520705258095,1.8,1.8,4.0,0.0
8.280772713041821e-09,0.025822956427044796,1.8,1.8,4.0,0.0
8.282317039003243e-09,0.016744808822021007,1.8,1.8,4.0,0.0
8.28382524839732e-09,0.009137245705413521,1.8,1.8,4.0,0.0
8.285960375443886e-09,0.00014010333767811023,1.8,1.8,4.0,0.0
8.288782703469401e-09,-0.0091694393535382,1.8,1.8,4.0,0.0
8.29187047486626e-09,-0.01674732925182576,1.8,1.8,4.0,0.0
8.29523015499242e-09,-0.022716789030454265,1.8,1.8,4.0,0.0
8.298871188118878e-09,-0.02727041074128378,1.8,1.8,4.0,0.0
8.30292106117117e-09,-0.030715629581717363,1.8,1.8,4.0,0.0
8.307467246658419e-09,-0.03322868859463313,1.8,1.8,4.0,0.0
8.312646145641241e-09,-0.03498577021346516,1.8,1.8,4.0,0.0
8.318622906812986e-09,-0.03614272360466397,1.8,1.8,4.0,0.0
8.325654091669722e-09,-0.036848816311134014,1.8,1.8,4.0,0.0
8.33412077740888e-09,-0.03723617209273855,1.8,1.8,4.0,0.0
8.344638885724737e-09,-0.03741802940031469,1.8,1.8,4.0,0.0
8.358255922831268e-09,-0.0374844360080131,1.8,1.8,4.0,0.0
8.37000055006111e-09,-0.0374959524944265,1.8,1.8,4.0,0.0
8.375000575063887e-09,-0.03749730166744869,0.8999954995000704,1.8,4.0,0.0
8.38000055006111e-09,-0.03749838099615144,0.0,1.8,4.0,0.0
8.390000500055555e-09,-0.03749919049605188,0.0,1.8,4.0,0.0
8.410000400044445e-09,-0.03749999999797615,0.0,1.8,4.0,0.0
8.435000400044445e-09,-0.0375000000002248,0.0,1.8,4.0,0.0
8.460000400044446e-09,-0.03749999999997489,0.0,1.8,4.0,0.0
8.485000400044446e-09,-0.03750000000000275,0.0,1.8,4.0,0.0
8.510000400044446e-09,-0.037499999999999645,0.0,1.8,4.0,0.0
8.535000400044446e-09,-0.03749999999999987,0.0,1.8,4.0,0.0
8.560000400044446e-09,-0.03749999999999987,0.0,1.8,4.0,0.0
8.585000400044447e-09,-0.03749999999999987,0.0,1.8,4.0,0.0
8.610000400044447e-09,-0.03749999999999998,0.0,1.8,4.0,0.0
8.635000400044447e-09,-0.03749999999999998,0.0,1.8,4.0,0.0
8.655000487554167e-09,-0.03749999999999987,0.0,1.8,4.0,0.0
8.675000575063886e-09,-0.03749999999999998,0.0,1.8,4.0,0.0
8.680000600066663e-09,-0.03749999999999987,0.0,1.8,4.0,0.0
8.685000575063886e-09,-0.03749999999999998,0.0,1.8,4.0,0.0
8.695000525058331e-09,-0.03749999999999998,0.0,1.8,4.0,0.0
8.715000425047222e-09,-0.03750000000000009,0.0,1.8,4.0,0.0
8.730000600066664e-09,-0.03749999999999998,0.0,1.8,4.0,0.0
8.735000625069441e-09,-0.03749999999999987,0.0,0.8999954995000704,4.0,0.0
8.740000600066664e-09,-0.03749999999999987,0.0,0.0,4.0,0.0
8.750000550061109e-09,-0.03750000000000009,0.0,0.0,4.0,0.0
8.77000045005e-09,-0.03749999999999998,0.0,0.0,4.0,0.0
8.79500045005e-09,-0.03749999999999987,0.0,0.0,4.0,0.0
8.815000537559719e-09,-0.03749999999999987,0.0,0.0,4.0,0.0
8.83500062506944e-09,-0.03749999999999987,0.0,0.0,4.0,0.0
8.840000650072217e-09,-0.03749999999999987,0.9000045004999296,0.0,4.0,0.0
8.84500062506944e-09,-0.03749999999999987,1.8,0.0,4.0,0.0
8.855000575063885e-09,-0.03750000000000009,1.8,0.0,4.0,0.0
8.875000475052776e-09,-0.03749999999999998,1.8,0.0,4.0,0.0
8.900000475052776e-09,-0.03749999999999987,1.8,0.0,4.0,0.0
8.925000475052776e-09,-0.03749999999999998,1.8,0.0,4.0,0.0
8.950000475052776e-09,-0.03749999999999987,1.8,0.0,4.0,0.0
8.975000475052776e-09,-0.03749999999999998,1.8,0.0,4.0,0.0
9.000000475052777e-09,-0.03749999999999987,1.8,0.0,4.0,0.0
9.025000475052777e-09,-0.03749999999999998,1.8,0.0,4.0,0.0
9.050000475052777e-09,-0.03749999999999987,1.8,0.0,4.0,0.0
9.075000475052777e-09,-0.03749999999999998,1.8,0.0,4.0,0.0
9.100000475052778e-09,-0.03749999999999987,1.8,0.0,4.0,0.0
9.120000562562497e-09,-0.03749999999999987,1.8,0.0,4.0,0.0
9.140000650072217e-09,-0.03749999999999998,1.8,0.0,4.0,0.0
9.145000675074994e-09,-0.03749999999999987,1.8,0.0,4.0,0.0
9.150000650072216e-09,-0.03749999999999998,1.8,0.0,4.0,0.0
9.160000600066662e-09,-0.03749999999999998,1.8,0.0,4.0,0.0
9.180000500055552e-09,-0.03750000000000009,1.8,0.0,4.0,0.0
9.195000675074994e-09,-0.03749999999999998,1.8,0.0,4.0,0.0
9.200000700077771e-09,-0.03749999999999987,1.8,0.9000045004999296,4.0,0.0
9.205000675074994e-09,-0.03749999999999987,1.8,1.8,4.499997499722285,0.0
9.2056026796436e-09,-0.03430600430183062,1.8,1.8,4.560197956582905,0.0
9.206749639616446e-09,-0.02855074554771342,1.8,1.8,4.674893953867503,0.0
9.207857200565068e-09,-0.02358679365039351,1.8,1.8,4.785650048729702,0.0
9.208928950321419e-09,-0.019280132001110895,1.8,1.8,4.892825024364768,0.0
9.210000700077771e-09,-0.015411560555690262,1.8,1.8,5.0,0.0
9.211189150541847e-09,-0.011782879119747292,1.8,1.8,5.0,0.0
9.213566051469998e-09,-0.005296401930445782,1.8,1.8,5.0,0.0
9.215507614270877e-09,-0.0010407707425641455,1.8,1.8,5.0,0.0
9.218938031441777e-09,0.004754311716740345,1.8,1.8,5.0,0.0
9.222886558834268e-09,0.009369406219840504,1.8,1.8,5.0,0.0
9.227515895278876e-09,0.012895763883289835,1.8,1.8,5.0,0.0
9.232547695814017e-09,0.015249357935267494,1.8,1.8,5.0,0.0
9.238354211937196e-09,0.016824660428120586,1.8,1.8,5.0,0.0
9.245106239786666e-09,0.01779654536201547,1.8,1.8,5.0,0.0
9.253247395684714e-09,0.01834820876046772,1.8,1.8,5.0,0.0
9.263275872851006e-09,0.018616577632385556,1.8,1.8,5.0,0.0
9.276153019286289e-09,0.018721093963746216,1.8,1.8,5.0,0.0
9.288076859682029e-09,0.01874268729077022,1.8,1.8,5.0,0.0
9.30000070007777e-09,0.018748150015594933,1.8,1.8,5.0,0.0
9.305000725080548e-09,0.018748766679118845,0.8999954995000704,1.8,5.0,0.0
9.31000070007777e-09,0.018749260005497703,0.0,1.8,5.0,0.0
9.320000650072216e-09,0.018749630001823725,0.0,1.8,5.0,0.0
9.340000550061106e-09,0.018749999999075007,0.0,1.8,5.0,0.0
9.365000550061106e-09,0.01875000000010274,0.0,1.8,5.0,0.0
9.390000550061107e-09,0.01874999999998861,0.0,1.8,5.0,0.0
9.415000550061107e-09,0.018750000000001377,0.0,1.8,5.0,0.0
9.440000550061107e-09,0.018749999999999822,0.0,1.8,5.0,0.0
9.465000550061107e-09,0.018750000000000044,0.0,1.8,5.0,0.0
9.490000550061107e-09,0.018750000000000044,0.0,1.8,5.0,0.0
9.515000550061108e-09,0.018750000000000044,0.0,1.8,5.0,0.0
9.540000550061108e-09,0.018750000000000044,0.0,1.8,5.0,0.0
9.565000550061108e-09,0.018750000000000044,0.0,1.8,5.0,0.0
9.585000637570828e-09,0.018750000000000044,0.0,1.8,5.0,0.0
9.605000725080547e-09,0.018750000000000155,0.0,1.8,5.0,0.0
9.610000750083324e-09,0.018750000000000155,0.0,1.8,5.0,0.0
9.615000725080547e-09,0.018750000000000044,0.0,1.8,5.0,0.0
9.625000675074992e-09,0.018750000000000044,0.0,1.8,5.0,0.0
9.645000575063883e-09,0.018750000000000155,0.0,1.8,5.0,0.0
9.660000750083325e-09,0.018750000000000044,0.0,1.8,5.0,0.0
9.665000775086102e-09,0.018749999999999933,0.0,0.8999954995000704,5.0,0.0
9.670000750083325e-09,0.018749999999999933,0.0,0.0,5.0,0.0
9.68000070007777e-09,0.018749999999999933,0.0,0.0,5.0,0.0
9.70000060006666e-09,0.018750000000000044,0.0,0.0,5.0,0.0
9.72500060006666e-09,0.018750000000000044,0.0,0.0,5.0,0.0
9.74500068757638e-09,0.018750000000000044,0.0,0.0,5.0,0.0
9.765000775086101e-09,0.018750000000000044,0.0,0.0,5.0,0.0
9.770000800088878e-09,0.018750000000000044,0.9000045004999296,0.0,5.0,0.0
9.775000775086101e-09,0.018749999999999933,1.8,0.0,5.0,0.0
9.785000725080546e-09,0.018749999999999933,1.8,0.0,5.0,0.0
9.805000625069437e-09,0.018750000000000155,1.8,0.0,5.0,0.0
9.830000625069437e-09,0.018750000000000044,1.8,0.0,5.0,0.0
9.855000625069437e-09,0.018750000000000044,1.8,0.0,5.0,0.0
9.880000625069437e-09,0.018750000000000044,1.8,0.0,5.0,0.0
9.905000625069437e-09,0.018750000000000044,1.8,0.0,5.0,0.0
9.930000625069438e-09,0.018750000000000044,1.8,0.0,5.0,0.0
9.955000625069438e-09,0.018750000000000044,1.8,0.0,5.0,0.0
9.980000625069438e-09,0.018750000000000044,1.8,0.0,5.0,0.0
1.000500062506944e-08,0.018750000000000044,1.8,0.0,5.0,0.0
1.003000062506944e-08,0.018750000000000044,1.8,0.0,5.0,0.0
1.005000071257916e-08,0.018750000000000044,1.8,0.0,5.0,0.0
1.007000080008888e-08,0.018750000000000155,1.8,0.0,5.0,0.0
1.007500082509165e-08,0.018750000000000155,1.8,0.0,5.0,0.0
1.008000080008888e-08,0.018750000000000044,1.8,0.0,5.0,0.0
1.009000075008332e-08,0.018750000000000044,1.8,0.0,5.0,0.0
1.011000065007221e-08,0.018750000000000155,1.8,0.0,5.0,0.0
1.012500082509166e-08,0.018750000000000044,1.8,0.0,5.0,0.0
1.013000085009443e-08,0.018749999999999933,1.8,0.9000045004999296,5.0,0.0
1.013500082509166e-08,0.018749999999999933,1.8,1.8,5.499997499722285,0.0
1.013643220758201e-08,0.015228323372065145,1.8,1.8,5.643135748757913,0.0
1.013843516879953e-08,0.010748971520364248,1.8,1.8,5.843431870509692,0.0
1.014000085009443e-08,0.007826946905631127,1.8,1.8,6.0,0.0
1.014188052282812e-08,0.005105152182012018,1.8,1.8,6.0,0.0
1.01456398682955e-08,0.0005228799517331684,1.8,1.8,6.0,0.0
1.01486071927085e-08,-0.002034685769861433,1.8,1.8,6.0,0.0
1.01544807924664e-08,-0.00536735445829295,1.8,1.8,6.0,0.0
1.016019720790237e-08,-0.007149046536922055,1.8,1.8,6.0,0.0
1.016743452451136e-08,-0.008331977307998728,1.8,1.8,6.0,0.0
1.017547222021002e-08,-0.008929993571190287,1.8,1.8,6.0,0.0
1.018578050488791e-08,-0.00923269977844754,1.8,1.8,6.0,0.0
1.019882680571906e-08,-0.009345056771636995,1.8,1.8,6.0,0.0
1.021686701488393e-08,-0.009373457356943837,1.8,1.8,6.0,0.0
1.023000085009443e-08,-0.009374680325523133,1.8,1.8,6.0,0.0
1.023500087509721e-08,-0.009374786884037145,0.8999954995000704,1.8,6.0,0.0
1.024000085009443e-08,-0.009374872130081147,0.0,1.8,6.0,0.0
1.025000080008888e-08,-0.009374936064880601,0.0,1.8,6.0,0.0
1.027000070007777e-08,-0.009374999999840039,0.0,1.8,6.0,0.0
1.029500070007777e-08,-0.009375000000017786,0.0,1.8,6.0,0.0
1.032000070007777e-08,-0.009374999999998024,0.0,1.8,6.0,0.0
1.034500070007777e-08,-0.009375000000000133,0.0,1.8,6.0,0.0
1.037000070007777e-08,-0.009374999999999911,0.0,1.8,6.0,0.0
1.039500070007777e-08,-0.009374999999999911,0.0,1.8,6.0,0.0
1.042000070007777e-08,-0.009374999999999911,0.0,1.8,6.0,0.0
1.044500070007777e-08,-0.009374999999999911,0.0,1.8,6.0,0.0
1.047000070007777e-08,-0.009374999999999911,0.0,1.8,6.0,0.0
1.049500070007777e-08,-0.009374999999999911,0.0,1.8,6.0,0.0
1.051500078758749e-08,-0.009374999999999911,0.0,1.8,6.0,0.0
1.053500087509721e-08,-0.009374999999999911,0.0,1.8,6.0,0.0
1.054000090009999e-08,-0.009375000000000022,0.0,1.8,6.0,0.0
1.054500087509721e-08,-0.009375000000000022,0.0,1.8,6.0,0.0
1.055500082509165e-08,-0.009375000000000022,0.0,1.8,6.0,0.0
1.057500072508054e-08,-0.0093749999999998,0.0,1.8,6.0,0.0
1.059000090009999e-08,-0.009374999999999911,0.0,1.8,6.0,0.0
1.059500092510276e-08,-0.009374999999999911,0.0,0.8999954995000704,6.0,0.0
1.060000090009999e-08,-0.009374999999999911,0.0,0.0,6.0,0.0
1.061000085009443e-08,-0.009374999999999911,0.0,0.0,6.0,0.0
1.063000075008332e-08,-0.0093749999999998,0.0,0.0,6.0,0.0
1.065500075008332e-08,-0.009374999999999911,0.0,0.0,6.0,0.0
1.067500083759304e-08,-0.009374999999999911,0.0,0.0,6.0,0.0
1.069500092510276e-08,-0.009374999999999911,0.0,0.0,6.0,0.0
1.070000095010554e-08,-0.009374999999999911,0.9000045004999296,0.0,6.0,0.0
1.070500092510276e-08,-0.009374999999999911,1.8,0.0,6.0,0.0
1.071500087509721e-08,-0.009375000000000022,1.8,0.0,6.0,0.0
1.07350007750861e-08,-0.009374999999999911,1.8,0.0,6.0,0.0
1.07600007750861e-08,-0.009374999999999911,1.8,0.0,6.0,0.0
1.07850007750861e-08,-0.009374999999999911,1.8,0.0,6.0,0.0
1.08100007750861e-08,-0.009374999999999911,1.8,0.0,6.0,0.0
1.08350007750861e-08,-0.009374999999999911,1.8,0.0,6.0,0.0
1.08600007750861e-08,-0.009374999999999911,1.8,0.0,6.0,0.0
1.08850007750861e-08,-0.009374999999999911,1.8,0.0,6.0,0.0
1.09100007750861e-08,-0.009374999999999911,1.8,0.0,6.0,0.0
1.09350007750861e-08,-0.009374999999999911,1.8,0.0,6.0,0.0
1.09600007750861e-08,-0.009374999999999911,1.8,0.0,6.0,0.0
1.098000086259582e-08,-0.009374999999999911,1.8,0.0,6.0,0.0
1.100000095010554e-08,-0.009374999999999911,1.8,0.0,6.0,0.0
1.100500097510832e-08,-0.009375000000000022,1.8,0.0,6.0,0.0
1.101000095010554e-08,-0.009375000000000022,1.8,0.0,6.0,0.0
1.102000090009998e-08,-0.009375000000000022,1.8,0.0,6.0,0.0
1.104000080008887e-08,-0.0093749999999998,1.8,0.0,6.0,0.0
1.105500097510832e-08,-0.009374999999999911,1.8,0.0,6.0,0.0
1.106000100011109e-08,-0.009374999999999911,1.8,0.9000045004999296,6.0,0.0
1.106500097510832e-08,-0.009374999999999911,1.8,1.8,6.499997499722285,0.0
1.106719857521307e-08,-0.006841407227019203,1.8,1.8,6.719757510197774,0.0
1.107000100011109e-08,-0.004007594875527598,1.8,1.8,7.0,0.0
1.107259088960612e-08,-0.002218910798093665,1.8,1.8,7.0,0.0
1.107695613375376e-08,0.00025577561463974163,1.8,1.8,7.0,0.0
1.108126250147388e-08,0.0018261159515717829,1.8,1.8,7.0,0.0
1.108987523691413e-08,0.0035487295656057016,1.8,1.8,7.0,0.0
1.109810330866203e-08,0.00421259955447828,1.8,1.8,7.0,0.0
1.11089441241758e-08,0.004546462847750066,1.8,1.8,7.0,0.0
1.112177366619557e-08,0.0046566953980579084,1.8,1.8,7.0,0.0
1.114041808226932e-08,0.004686419424137056,1.8,1.8,7.0,0.0
1.116000100011109e-08,0.004687488614055324,1.8,1.8,7.0,0.0
1.116500102511387e-08,0.004687492409383043,0.8999954995000704,1.8,7.0,0.0
1.117000100011109e-08,0.004687495445617751,0.0,1.8,7.0,0.0
1.118000095010554e-08,0.00468749772280308,0.0,1.8,7.0,0.0
1.120000085009443e-08,0.004687499999994182,0.0,1.8,7.0,0.0
1.122500085009443e-08,0.004687500000000622,0.0,1.8,7.0,0.0
1.125000085009443e-08,0.004687499999999845,0.0,1.8,7.0,0.0
1.127500085009443e-08,0.004687499999999956,0.0,1.8,7.0,0.0
1.130000085009443e-08,0.004687499999999956,0.0,1.8,7.0,0.0
1.132500085009443e-08,0.004687499999999956,0.0,1.8,7.0,0.0
1.135000085009443e-08,0.004687499999999956,0.0,1.8,7.0,0.0
1.137500085009443e-08,0.004687499999999956,0.0,1.8,7.0,0.0
1.140000085009443e-08,0.004687499999999956,0.0,1.8,7.0,0.0
1.142500085009443e-08,0.004687499999999956,0.0,1.8,7.0,0.0
1.144500093760415e-08,0.004687499999999956,0.0,1.8,7.0,0.0
1.146500102511387e-08,0.004687499999999956,0.0,1.8,7.0,0.0
1.147000105011665e-08,0.004687499999999956,0.0,1.8,7.0,0.0
1.147500102511387e-08,0.004687499999999845,0.0,1.8,7.0,0.0
1.148500097510831e-08,0.004687499999999845,0.0,1.8,7.0,0.0
1.15050008750972e-08,0.004687499999999845,0.0,1.8,7.0,0.0
1.152000105011665e-08,0.004687499999999956,0.0,1.8,7.0,0.0
1.152500107511942e-08,0.004687499999999956,0.0,0.8999954995000704,7.0,0.0
1.153000105011665e-08,0.004687499999999956,0.0,0.0,7.0,0.0
1.154000100011109e-08,0.004687499999999956,0.0,0.0,7.0,0.0
1.156000090009998e-08,0.004687499999999845,0.0,0.0,7.0,0.0
1.158500090009998e-08,0.004687499999999956,0.0,0.0,7.0,0.0
1.16050009876097e-08,0.004687499999999956,0.0,0.0,7.0,0.0
1.162500107511942e-08,0.004687500000000067,0.0,0.0,7.0,0.0
1.16300011001222e-08,0.004687499999999956,0.9000045004999296,0.0,7.0,0.0
1.163500107511942e-08,0.004687499999999845,1.8,0.0,7.0,0.0
1.164500102511387e-08,0.004687499999999845,1.8,0.0,7.0,0.0
1.166500092510276e-08,0.004687499999999845,1.8,0.0,7.0,0.0
1.169000092510276e-08,0.004687499999999956,1.8,0.0,7.0,0.0
1.171500092510276e-08,0.004687499999999956,1.8,0.0,7.0,0.0
1.174000092510276e-08,0.004687499999999956,1.8,0.0,7.0,0.0
1.176500092510276e-08,0.004687499999999956,1.8,0.0,7.0,0.0
1.179000092510276e-08,0.004687499999999956,1.8,0.0,7.0,0.0
1.181500092510276e-08,0.004687499999999956,1.8,0.0,7.0,0.0
1.184000092510276e-08,0.004687499999999956,1.8,0.0,7.0,0.0
1.186500092510276e-08,0.004687499999999956,1.8,0.0,7.0,0.0
1.189000092510276e-08,0.004687499999999956,1.8,0.0,7.0,0.0
1.191000101261248e-08,0.004687499999999956,1.8,0.0,7.0,0.0
1.19300011001222e-08,0.004687499999999956,1.8,0.0,7.0,0.0
1.193500112512498e-08,0.004687499999999956,1.8,0.0,7.0,0.0
1.19400011001222e-08,0.004687499999999845,1.8,0.0,7.0,0.0
1.195000105011664e-08,0.004687499999999845,1.8,0.0,7.0,0.0
1.197000095010554e-08,0.004687499999999845,1.8,0.0,7.0,0.0
1.198500112512498e-08,0.004687499999999956,1.8,0.0,7.0,0.0
1.199000115012775e-08,0.004687499999999956,1.8,0.9000045004999296,7.0,0.0
1.199500112512498e-08,0.004687499999999956,1.8,1.8,7.499997499722285,0.0
1.200000115012775e-08,0.004687500000000067,1.8,1.8,8.0,0.0
1.201000120013331e-08,0.004687499999999956,1.8,1.8,8.0,0.0
1.203000130014442e-08,0.004687499999999956,1.8,1.8,8.0,0.0
1.205500130014442e-08,0.004687499999999956,1.8,1.8,8.0,0.0
1.207250122513608e-08,0.004687499999999956,1.8,1.8,8.0,0.0
1.209000115012775e-08,0.004687499999999956,1.8,1.8,8.0,0.0
1.209500117513053e-08,0.004687499999999956,0.8999954995000704,1.8,8.0,0.9000045004999296
1.210000115012775e-08,0.004687499999999956,0.0,1.8,8.0,1.8
1.21100011001222e-08,0.004687499999999956,0.0,1.8,8.0,1.8
1.213000100011109e-08,0.004687499999999845,0.0,1.8,8.0,1.8
1.215500100011109e-08,0.004687499999999956,0.0,1.8,8.0,1.8
1.218000100011109e-08,0.004687499999999956,0.0,1.8,8.0,1.8
1.220500100011109e-08,0.004687499999999956,0.0,1.8,8.0,1.8
1.223000100011109e-08,0.004687499999999956,0.0,1.8,8.0,1.8
1.225500100011109e-08,0.004687499999999956,0.0,1.8,8.0,1.8
1.228000100011109e-08,0.004687499999999956,0.0,1.8,8.0,1.8
1.230500100011109e-08,0.004687499999999956,0.0,1.8,8.0,1.8
1.233000100011109e-08,0.004687499999999956,0.0,1.8,8.0,1.8
1.235500100011109e-08,0.004687499999999956,0.0,1.8,8.0,1.8
1.237500108762081e-08,0.004687499999999956,0.0,1.8,8.0,1.8
1.239500117513053e-08,0.004687499999999956,0.0,1.8,8.0,1.8
1.240000120013331e-08,0.004687499999999956,0.0,1.8,8.0,1.8
1.240500117513053e-08,0.004687499999999845,0.0,1.8,8.0,1.8
1.241500112512498e-08,0.004687499999999845,0.0,1.8,8.0,1.8
1.243500102511387e-08,0.004687499999999845,0.0,1.8,8.0,1.8
1.245000120013331e-08,0.004687499999999956,0.0,1.8,8.0,1.8
1.245500122513608e-08,0.004687499999999956,0.0,0.8999954995000704,8.0,1.8
1.246000120013331e-08,0.004687499999999956,0.0,0.0,8.0,1.8
1.247000115012775e-08,0.004687499999999956,0.0,0.0,8.0,1.8
1.249000105011664e-08,0.004687499999999845,0.0,0.0,8.0,1.8
1.251500105011664e-08,0.004687499999999956,0.0,0.0,8.0,1.8
1.254000105011664e-08,0.004687499999999956,0.0,0.0,8.0,1.8
1.256500105011664e-08,0.004687499999999956,0.0,0.0,8.0,1.8
1.259000105011664e-08,0.004687499999999956,0.0,0.0,8.0,1.8
1.261500105011664e-08,0.004687499999999956,0.0,0.0,8.0,1.8
1.264000105011664e-08,0.004687499999999956,0.0,0.0,8.0,1.8
1.266500105011664e-08,0.004687499999999956,0.0,0.0,8.0,1.8
1.269000105011665e-08,0.004687499999999956,0.0,0.0,8.0,1.8
1.271500105011665e-08,0.004687499999999956,0.0,0.0,8.0,1.8
1.274000105011665e-08,0.004687499999999956,0.0,0.0,8.0,1.8
1.276500105011665e-08,0.004687499999999956,0.0,0.0,8.0,1.8
1.279000105011665e-08,0.004687499999999956,0.0,0.0,8.0,1.8
1.281500105011665e-08,0.004687499999999956,0.0,0.0,8.0,1.8
1.284000105011665e-08,0.004687499999999956,0.0,0.0,8.0,1.8
1.286500105011665e-08,0.004687499999999956,0.0,0.0,8.0,1.8
1.289000105011665e-08,0.004687499999999956,0.0,0.0,8.0,1.8
1.291500105011665e-08,0.004687499999999956,0.0,0.0,8.0,1.8
1.294000105011665e-08,0.004687499999999956,0.0,0.0,8.0,1.8
1.296500105011665e-08,0.004687499999999956,0.0,0.0,8.0,1.8
1.299000105011665e-08,0.004687499999999956,0.0,0.0,8.0,1.8
